"","measure","country_gbd","sex","age","cause","metric","year","dalys","upper","lower","country_std"
"1","DALYs (Disability-Adjusted Life Years)","Argentina","Both","All ages","Neoplasms","Number",2023,2009379.53641413,2092429.85430435,1910010.71828812,"Argentina"
"2","DALYs (Disability-Adjusted Life Years)","Grenada","Both","All ages","Neoplasms","Number",2023,5078.13242690232,5571.96621523958,4640.93082372182,"Grenada"
"3","DALYs (Disability-Adjusted Life Years)","Belarus","Both","All ages","Neoplasms","Number",2023,554917.73492008,587781.059603961,528471.675847234,"Belarus"
"4","DALYs (Disability-Adjusted Life Years)","Iceland","Both","All ages","Neoplasms","Number",2023,17374.230011263,18515.1553624984,16318.4008701607,"Iceland"
"5","DALYs (Disability-Adjusted Life Years)","Jamaica","Both","All ages","Neoplasms","Number",2023,118834.177497103,129240.609512087,109002.889366394,"Jamaica"
"6","DALYs (Disability-Adjusted Life Years)","Algeria","Both","All ages","Neoplasms","Number",2023,793378.729780105,958166.566717634,638147.158448232,"Algeria"
"7","DALYs (Disability-Adjusted Life Years)","Jordan","Both","All ages","Neoplasms","Number",2023,247610.709297052,270602.891104106,225555.926372826,"Jordan"
"8","DALYs (Disability-Adjusted Life Years)","Yemen","Both","All ages","Neoplasms","Number",2023,438341.438097209,542986.780449241,335784.304437638,"Yemen"
"9","DALYs (Disability-Adjusted Life Years)","Seychelles","Both","All ages","Neoplasms","Number",2023,5022.79161465397,5431.0115250926,4654.87762844823,"Seychelles"
"10","DALYs (Disability-Adjusted Life Years)","Armenia","Both","All ages","Neoplasms","Number",2023,113501.501249246,120486.392547304,105481.309871734,"Armenia"
"11","DALYs (Disability-Adjusted Life Years)","Uruguay","Both","All ages","Neoplasms","Number",2023,235550.099289943,243645.991364634,222623.897462544,"Uruguay"
"12","DALYs (Disability-Adjusted Life Years)","Haiti","Both","All ages","Neoplasms","Number",2023,405969.968823151,469825.365778349,350361.016070892,"Haiti"
"13","DALYs (Disability-Adjusted Life Years)","Guatemala","Both","All ages","Neoplasms","Number",2023,333533.680946549,359212.184885883,309464.260124195,"Guatemala"
"14","DALYs (Disability-Adjusted Life Years)","Zimbabwe","Both","All ages","Neoplasms","Number",2023,278459.692401426,332946.561017529,237415.525859401,"Zimbabwe"
"15","DALYs (Disability-Adjusted Life Years)","Angola","Both","All ages","Neoplasms","Number",2023,752284.241369914,878397.086544261,620902.317387877,"Angola"
"16","DALYs (Disability-Adjusted Life Years)","Italy","Both","All ages","Neoplasms","Number",2023,3670937.71551852,3870802.773509,3354207.60189016,"Italy"
"17","DALYs (Disability-Adjusted Life Years)","Croatia","Both","All ages","Neoplasms","Number",2023,283195.735223345,294906.410782839,268954.288967103,"Croatia"
"18","DALYs (Disability-Adjusted Life Years)","Maldives","Both","All ages","Neoplasms","Number",2023,6780.57965277106,7412.24992104287,6162.78744276656,"Maldives"
"19","DALYs (Disability-Adjusted Life Years)","Myanmar","Both","All ages","Neoplasms","Number",2023,1782504.48134401,2037114.37259127,1561241.96847922,"Myanmar"
"20","DALYs (Disability-Adjusted Life Years)","China","Both","All ages","Neoplasms","Number",2023,63756091.1108632,71060224.4854739,56734302.1888356,"China"
"21","DALYs (Disability-Adjusted Life Years)","Mali","Both","All ages","Neoplasms","Number",2023,556999.881128228,636011.593000701,484118.716234398,"Mali"
"22","DALYs (Disability-Adjusted Life Years)","New Zealand","Both","All ages","Neoplasms","Number",2023,259531.382200333,272075.790654279,242571.818997387,"New Zealand"
"23","DALYs (Disability-Adjusted Life Years)","Central African Republic","Both","All ages","Neoplasms","Number",2023,125755.22482928,154690.263103642,94814.7761922784,"Central African Republic"
"24","DALYs (Disability-Adjusted Life Years)","Malawi","Both","All ages","Neoplasms","Number",2023,721351.089391259,881857.284494487,580392.217004379,"Malawi"
"25","DALYs (Disability-Adjusted Life Years)","Nauru","Both","All ages","Neoplasms","Number",2023,552.676986599079,665.048191242926,467.29216220472,"Nauru"
"26","DALYs (Disability-Adjusted Life Years)","Senegal","Both","All ages","Neoplasms","Number",2023,301567.672417437,347650.043694278,259106.41326205,"Senegal"
"27","DALYs (Disability-Adjusted Life Years)","Canada","Both","All ages","Neoplasms","Number",2023,2045640.18228512,2141818.33465129,1914518.56382718,"Canada"
"28","DALYs (Disability-Adjusted Life Years)","Dominican Republic","Both","All ages","Neoplasms","Number",2023,333275.41789634,360694.183311361,298024.462890142,"Dominican Republic"
"29","DALYs (Disability-Adjusted Life Years)","Tunisia","Both","All ages","Neoplasms","Number",2023,481042.439181868,524099.842140565,436516.269936969,"Tunisia"
"30","DALYs (Disability-Adjusted Life Years)","Solomon Islands","Both","All ages","Neoplasms","Number",2023,27289.9269701508,31117.9727148814,23480.6343589123,"Solomon Islands"
"31","DALYs (Disability-Adjusted Life Years)","Colombia","Both","All ages","Neoplasms","Number",2023,1387456.70836196,1431767.81014243,1333909.22107052,"Colombia"
"32","DALYs (Disability-Adjusted Life Years)","Chile","Both","All ages","Neoplasms","Number",2023,734680.551109274,761105.510355784,693152.615479519,"Chile"
"33","DALYs (Disability-Adjusted Life Years)","Madagascar","Both","All ages","Neoplasms","Number",2023,946281.502387983,1066541.54060185,840269.25450332,"Madagascar"
"34","DALYs (Disability-Adjusted Life Years)","Austria","Both","All ages","Neoplasms","Number",2023,496635.846928885,517211.475262575,462160.288701366,"Austria"
"35","DALYs (Disability-Adjusted Life Years)","Eswatini","Both","All ages","Neoplasms","Number",2023,39722.1769967987,52950.4410735255,29322.7177575402,"Eswatini"
"36","DALYs (Disability-Adjusted Life Years)","Bahrain","Both","All ages","Neoplasms","Number",2023,28593.8124702291,32091.81009209,24849.5600723772,"Bahrain"
"37","DALYs (Disability-Adjusted Life Years)","Monaco","Both","All ages","Neoplasms","Number",2023,4999.28358392933,5821.18498037703,4201.58360127037,"Monaco"
"38","DALYs (Disability-Adjusted Life Years)","Sudan","Both","All ages","Neoplasms","Number",2023,744952.05975008,925437.982343896,590066.411319983,"Sudan"
"39","DALYs (Disability-Adjusted Life Years)","Estonia","Both","All ages","Neoplasms","Number",2023,79953.5617248501,83539.4525050227,75524.7666591597,"Estonia"
"40","DALYs (Disability-Adjusted Life Years)","Liberia","Both","All ages","Neoplasms","Number",2023,146300.2226212,168651.954585737,118281.041716406,"Liberia"
"41","DALYs (Disability-Adjusted Life Years)","Tonga","Both","All ages","Neoplasms","Number",2023,3697.75373358587,4214.55171202418,3224.8760348212,"Tonga"
"42","DALYs (Disability-Adjusted Life Years)","South Sudan","Both","All ages","Neoplasms","Number",2023,369395.590543692,425367.509486509,324929.532100266,"South Sudan"
"43","DALYs (Disability-Adjusted Life Years)","Singapore","Both","All ages","Neoplasms","Number",2023,175297.737324268,184782.055259605,161496.789225733,"Singapore"
"44","DALYs (Disability-Adjusted Life Years)","Albania","Both","All ages","Neoplasms","Number",2023,101538.655181589,112558.701114037,92810.9089273105,"Albania"
"45","DALYs (Disability-Adjusted Life Years)","Saint Lucia","Both","All ages","Neoplasms","Number",2023,7454.19507085009,8094.75307241191,6910.35739719608,"Saint Lucia"
"46","DALYs (Disability-Adjusted Life Years)","Latvia","Both","All ages","Neoplasms","Number",2023,130570.411427498,135647.527434809,125275.60728884,"Latvia"
"47","DALYs (Disability-Adjusted Life Years)","Mexico","Both","All ages","Neoplasms","Number",2023,3115408.97713391,3202386.28171361,3023039.74137623,"Mexico"
"48","DALYs (Disability-Adjusted Life Years)","Egypt","Both","All ages","Neoplasms","Number",2023,2398662.92056116,2762904.6567007,2064220.19601861,"Egypt"
"49","DALYs (Disability-Adjusted Life Years)","Benin","Both","All ages","Neoplasms","Number",2023,202703.806189524,241869.198847272,166127.347688231,"Benin"
"50","DALYs (Disability-Adjusted Life Years)","Saint Vincent and the Grenadines","Both","All ages","Neoplasms","Number",2023,5155.85039723949,5548.24798212671,4676.49627206437,"Saint Vincent And The Grenadines"
"51","DALYs (Disability-Adjusted Life Years)","Democratic Republic of the Congo","Both","All ages","Neoplasms","Number",2023,2652639.4653646,3162423.49395559,2069279.20492454,"Democratic Republic Of The Congo"
"52","DALYs (Disability-Adjusted Life Years)","Niue","Both","All ages","Neoplasms","Number",2023,65.0863092150309,76.2601676101895,55.8641793855237,"Niue"
"53","DALYs (Disability-Adjusted Life Years)","Sri Lanka","Both","All ages","Neoplasms","Number",2023,690504.255529149,745014.457639529,624176.04745504,"Sri Lanka"
"54","DALYs (Disability-Adjusted Life Years)","Vanuatu","Both","All ages","Neoplasms","Number",2023,5372.84460764283,6248.08925835196,4566.42400572914,"Vanuatu"
"55","DALYs (Disability-Adjusted Life Years)","Malta","Both","All ages","Neoplasms","Number",2023,22638.3956881968,24162.6273062024,20935.9589210646,"Malta"
"56","DALYs (Disability-Adjusted Life Years)","Andorra","Both","All ages","Neoplasms","Number",2023,5263.35484037647,5720.2767291695,4771.13586971059,"Andorra"
"57","DALYs (Disability-Adjusted Life Years)","Guyana","Both","All ages","Neoplasms","Number",2023,26648.2303042978,28690.8432698188,24332.8167834499,"Guyana"
"58","DALYs (Disability-Adjusted Life Years)","United Arab Emirates","Both","All ages","Neoplasms","Number",2023,97451.1049127786,114365.004373982,85738.2083684038,"United Arab Emirates"
"59","DALYs (Disability-Adjusted Life Years)","Mozambique","Both","All ages","Neoplasms","Number",2023,429034.194904413,515272.556798047,339317.212054784,"Mozambique"
"60","DALYs (Disability-Adjusted Life Years)","Northern Mariana Islands","Both","All ages","Neoplasms","Number",2023,2236.00814572662,2514.36337393171,1982.91457758486,"Northern Mariana Islands"
"61","DALYs (Disability-Adjusted Life Years)","Qatar","Both","All ages","Neoplasms","Number",2023,19305.829740795,22796.2975736534,17014.3687696915,"Qatar"
"62","DALYs (Disability-Adjusted Life Years)","Philippines","Both","All ages","Neoplasms","Number",2023,2564780.68055043,2750885.46026815,2405240.18127805,"Philippines"
"63","DALYs (Disability-Adjusted Life Years)","Hungary","Both","All ages","Neoplasms","Number",2023,719435.982513826,738162.201419313,694301.031784849,"Hungary"
"64","DALYs (Disability-Adjusted Life Years)","Israel","Both","All ages","Neoplasms","Number",2023,318354.74166312,331878.131389039,296143.454188136,"Israel"
"65","DALYs (Disability-Adjusted Life Years)","United States of America","Both","All ages","Neoplasms","Number",2023,15798849.6712738,16532143.1621406,14883146.713185,"United States"
"66","DALYs (Disability-Adjusted Life Years)","El Salvador","Both","All ages","Neoplasms","Number",2023,204303.792368299,227053.241463763,187532.262692037,"El Salvador"
"67","DALYs (Disability-Adjusted Life Years)","Niger","Both","All ages","Neoplasms","Number",2023,414264.039251878,536998.743672887,338758.036605888,"Niger"
"68","DALYs (Disability-Adjusted Life Years)","Congo","Both","All ages","Neoplasms","Number",2023,141129.621089657,177165.668124241,113603.539852485,"Congo"
"69","DALYs (Disability-Adjusted Life Years)","Burkina Faso","Both","All ages","Neoplasms","Number",2023,326682.436041546,366242.278395779,283918.851473569,"Burkina Faso"
"70","DALYs (Disability-Adjusted Life Years)","Mauritania","Both","All ages","Neoplasms","Number",2023,105861.222669904,126764.592967302,83821.0757959268,"Mauritania"
"71","DALYs (Disability-Adjusted Life Years)","Bosnia and Herzegovina","Both","All ages","Neoplasms","Number",2023,212586.026331391,232007.986961857,195215.055056528,"Bosnia And Herzegovina"
"72","DALYs (Disability-Adjusted Life Years)","Iran (Islamic Republic of)","Both","All ages","Neoplasms","Number",2023,2023194.96838034,2251129.75231151,1826254.12750252,"Iran (Islamic Republic Of)"
"73","DALYs (Disability-Adjusted Life Years)","France","Both","All ages","Neoplasms","Number",2023,4380792.26161022,4582609.61333264,4076956.8950667,"France"
"74","DALYs (Disability-Adjusted Life Years)","South Africa","Both","All ages","Neoplasms","Number",2023,2106275.411189,2435248.38118054,1847982.96945043,"South Africa"
"75","DALYs (Disability-Adjusted Life Years)","Australia","Both","All ages","Neoplasms","Number",2023,1171069.09756087,1229803.6329692,1077184.18945107,"Australia"
"76","DALYs (Disability-Adjusted Life Years)","Syrian Arab Republic","Both","All ages","Neoplasms","Number",2023,271910.52171659,313424.37920697,234541.259801186,"Syrian Arab Republic"
"77","DALYs (Disability-Adjusted Life Years)","Bulgaria","Both","All ages","Neoplasms","Number",2023,430428.417649016,446622.197324887,410062.020195121,"Bulgaria"
"78","DALYs (Disability-Adjusted Life Years)","Lithuania","Both","All ages","Neoplasms","Number",2023,189066.474780569,196495.972131193,180460.901223451,"Lithuania"
"79","DALYs (Disability-Adjusted Life Years)","Sweden","Both","All ages","Neoplasms","Number",2023,517478.004262706,544230.598570863,477454.295650762,"Sweden"
"80","DALYs (Disability-Adjusted Life Years)","Mauritius","Both","All ages","Neoplasms","Number",2023,45871.3776769574,48168.3445970238,43727.7610366528,"Mauritius"
"81","DALYs (Disability-Adjusted Life Years)","Bhutan","Both","All ages","Neoplasms","Number",2023,19243.1113568725,22159.3632335392,16709.8514195934,"Bhutan"
"82","DALYs (Disability-Adjusted Life Years)","Ireland","Both","All ages","Neoplasms","Number",2023,245658.353331555,257670.245044738,228201.127755441,"Ireland"
"83","DALYs (Disability-Adjusted Life Years)","Republic of Moldova","Both","All ages","Neoplasms","Number",2023,170050.83944131,178886.02053985,161384.978437477,"Republic Of Moldova"
"84","DALYs (Disability-Adjusted Life Years)","Palau","Both","All ages","Neoplasms","Number",2023,1122.21175544766,1246.42617670775,999.032155235055,"Palau"
"85","DALYs (Disability-Adjusted Life Years)","Iraq","Both","All ages","Neoplasms","Number",2023,1284183.83574757,1444650.44647219,1125536.33361663,"Iraq"
"86","DALYs (Disability-Adjusted Life Years)","Bahamas","Both","All ages","Neoplasms","Number",2023,19860.3415644413,21089.9829933996,18645.2568546158,"Bahamas"
"87","DALYs (Disability-Adjusted Life Years)","Burundi","Both","All ages","Neoplasms","Number",2023,371638.863215283,430868.53298268,314920.622710263,"Burundi"
"88","DALYs (Disability-Adjusted Life Years)","Timor-Leste","Both","All ages","Neoplasms","Number",2023,28709.7476502026,33996.1475150573,24965.3559213348,"Timor-Leste"
"89","DALYs (Disability-Adjusted Life Years)","Gabon","Both","All ages","Neoplasms","Number",2023,62037.9092253135,71579.1941168983,53287.5434110947,"Gabon"
"90","DALYs (Disability-Adjusted Life Years)","Azerbaijan","Both","All ages","Neoplasms","Number",2023,335417.630066358,376029.002065377,300540.745520498,"Azerbaijan"
"91","DALYs (Disability-Adjusted Life Years)","Cameroon","Both","All ages","Neoplasms","Number",2023,695423.197008618,798045.709087224,601410.62395867,"Cameroon"
"92","DALYs (Disability-Adjusted Life Years)","Fiji","Both","All ages","Neoplasms","Number",2023,31008.8157176194,34913.3115689162,27820.1694384082,"Fiji"
"93","DALYs (Disability-Adjusted Life Years)","Georgia","Both","All ages","Neoplasms","Number",2023,206598.855535238,222324.197175793,190010.095592573,"Georgia"
"94","DALYs (Disability-Adjusted Life Years)","Indonesia","Both","All ages","Neoplasms","Number",2023,8437461.82818304,9585336.63603478,7436283.23492292,"Indonesia"
"95","DALYs (Disability-Adjusted Life Years)","Thailand","Both","All ages","Neoplasms","Number",2023,3752977.35987541,4237821.50845653,3450702.94395121,"Thailand"
"96","DALYs (Disability-Adjusted Life Years)","Costa Rica","Both","All ages","Neoplasms","Number",2023,176540.243633152,184571.769075989,168707.561794064,"Costa Rica"
"97","DALYs (Disability-Adjusted Life Years)","Türkiye","Both","All ages","Neoplasms","Number",2023,3195414.06212137,3558287.81888055,2799385.81616824,"Türkiye"
"98","DALYs (Disability-Adjusted Life Years)","Luxembourg","Both","All ages","Neoplasms","Number",2023,27256.8006666738,28796.215505069,25449.9057543275,"Luxembourg"
"99","DALYs (Disability-Adjusted Life Years)","Nigeria","Both","All ages","Neoplasms","Number",2023,4413047.176473,5203067.01796006,3672321.23478335,"Nigeria"
"100","DALYs (Disability-Adjusted Life Years)","Sao Tome and Principe","Both","All ages","Neoplasms","Number",2023,5013.746317394,5937.09865506782,4222.46263137539,"Sao Tome And Principe"
"101","DALYs (Disability-Adjusted Life Years)","Ukraine","Both","All ages","Neoplasms","Number",2023,2118711.09602715,2297547.56965117,1969256.00375239,"Ukraine"
"102","DALYs (Disability-Adjusted Life Years)","Czechia","Both","All ages","Neoplasms","Number",2023,632266.056635164,652624.929776943,604882.612162565,"Czechia"
"103","DALYs (Disability-Adjusted Life Years)","Rwanda","Both","All ages","Neoplasms","Number",2023,500377.021292506,568788.542915556,441200.097440896,"Rwanda"
"104","DALYs (Disability-Adjusted Life Years)","Equatorial Guinea","Both","All ages","Neoplasms","Number",2023,44656.764220128,54301.1840595875,32708.9154609782,"Equatorial Guinea"
"105","DALYs (Disability-Adjusted Life Years)","Honduras","Both","All ages","Neoplasms","Number",2023,155552.615576265,174063.276459061,136474.540509146,"Honduras"
"106","DALYs (Disability-Adjusted Life Years)","United Republic of Tanzania","Both","All ages","Neoplasms","Number",2023,1184771.17427978,1371817.97537437,1006400.17224116,"United Republic Of Tanzania"
"107","DALYs (Disability-Adjusted Life Years)","Saint Kitts and Nevis","Both","All ages","Neoplasms","Number",2023,1923.96304650177,2026.29511431908,1818.91892563555,"Saint Kitts And Nevis"
"108","DALYs (Disability-Adjusted Life Years)","Puerto Rico","Both","All ages","Neoplasms","Number",2023,142216.189353716,148671.937417845,133465.09991089,"Puerto Rico"
"109","DALYs (Disability-Adjusted Life Years)","Trinidad and Tobago","Both","All ages","Neoplasms","Number",2023,66431.0666244207,70308.874436261,62855.7299928621,"Trinidad And Tobago"
"110","DALYs (Disability-Adjusted Life Years)","American Samoa","Both","All ages","Neoplasms","Number",2023,1964.56140145098,2229.78215584522,1703.49216215081,"American Samoa"
"111","DALYs (Disability-Adjusted Life Years)","Nicaragua","Both","All ages","Neoplasms","Number",2023,134631.067744579,150362.296123414,122488.761443428,"Nicaragua"
"112","DALYs (Disability-Adjusted Life Years)","Viet Nam","Both","All ages","Neoplasms","Number",2023,3784533.88388723,4314555.41263088,3234867.14457377,"Viet Nam"
"113","DALYs (Disability-Adjusted Life Years)","Democratic People's Republic of Korea","Both","All ages","Neoplasms","Number",2023,1194304.45410062,1420376.34238842,1001604.43369736,"Democratic People's Republic Of Korea"
"114","DALYs (Disability-Adjusted Life Years)","Kuwait","Both","All ages","Neoplasms","Number",2023,52009.4222443813,55179.6514423476,48813.769111944,"Kuwait"
"115","DALYs (Disability-Adjusted Life Years)","Panama","Both","All ages","Neoplasms","Number",2023,106503.750139847,111712.360871754,100375.639492253,"Panama"
"116","DALYs (Disability-Adjusted Life Years)","Libya","Both","All ages","Neoplasms","Number",2023,199489.876515613,235093.573613454,166170.022807838,"Libya"
"117","DALYs (Disability-Adjusted Life Years)","Netherlands","Both","All ages","Neoplasms","Number",2023,1138532.05680999,1190495.31235634,1058092.00383948,"Netherlands"
"118","DALYs (Disability-Adjusted Life Years)","Somalia","Both","All ages","Neoplasms","Number",2023,335058.07798695,396666.005775177,269576.061967316,"Somalia"
"119","DALYs (Disability-Adjusted Life Years)","Cook Islands","Both","All ages","Neoplasms","Number",2023,836.586202119392,945.338105027976,731.432649148353,"Cook Islands"
"120","DALYs (Disability-Adjusted Life Years)","Sierra Leone","Both","All ages","Neoplasms","Number",2023,170686.167948221,199476.761188972,144276.457376492,"Sierra Leone"
"121","DALYs (Disability-Adjusted Life Years)","Chad","Both","All ages","Neoplasms","Number",2023,311586.656937033,382333.4751612,257346.583491726,"Chad"
"122","DALYs (Disability-Adjusted Life Years)","Belgium","Both","All ages","Neoplasms","Number",2023,650877.113297671,678763.786992094,602940.662132075,"Belgium"
"123","DALYs (Disability-Adjusted Life Years)","Montenegro","Both","All ages","Neoplasms","Number",2023,40431.9298985995,43809.3299663906,36836.1236892752,"Montenegro"
"124","DALYs (Disability-Adjusted Life Years)","Greece","Both","All ages","Neoplasms","Number",2023,693343.002793269,721582.147880489,652876.680885582,"Greece"
"125","DALYs (Disability-Adjusted Life Years)","United Kingdom","Both","All ages","Neoplasms","Number",2023,4140726.68530373,4293846.59359861,3903696.21709982,"United Kingdom"
"126","DALYs (Disability-Adjusted Life Years)","Afghanistan","Both","All ages","Neoplasms","Number",2023,415894.898840912,512529.240969383,319857.862919936,"Afghanistan"
"127","DALYs (Disability-Adjusted Life Years)","Nepal","Both","All ages","Neoplasms","Number",2023,543829.437827694,625024.574807031,475821.733070205,"Nepal"
"128","DALYs (Disability-Adjusted Life Years)","Tokelau","Both","All ages","Neoplasms","Number",2023,37.6336228733451,43.8454618848161,32.2304025028187,"Tokelau"
"129","DALYs (Disability-Adjusted Life Years)","Marshall Islands","Both","All ages","Neoplasms","Number",2023,1600.84302308992,1860.09701361373,1364.94835783893,"Marshall Islands"
"130","DALYs (Disability-Adjusted Life Years)","Malaysia","Both","All ages","Neoplasms","Number",2023,946479.655391755,1022112.12676058,883695.116388044,"Malaysia"
"131","DALYs (Disability-Adjusted Life Years)","Belize","Both","All ages","Neoplasms","Number",2023,9082.95011264974,9690.16935924503,8484.95746436086,"Belize"
"132","DALYs (Disability-Adjusted Life Years)","Djibouti","Both","All ages","Neoplasms","Number",2023,41115.1523810846,47763.6418242753,35282.8109774261,"Djibouti"
"133","DALYs (Disability-Adjusted Life Years)","Japan","Both","All ages","Neoplasms","Number",2023,8795603.84939496,9415895.44484106,7737319.29470051,"Japan"
"134","DALYs (Disability-Adjusted Life Years)","Zambia","Both","All ages","Neoplasms","Number",2023,533638.235661031,628912.140662904,450814.411404999,"Zambia"
"135","DALYs (Disability-Adjusted Life Years)","Bolivia (Plurinational State of)","Both","All ages","Neoplasms","Number",2023,453992.25392724,503814.191636753,413914.080810112,"Bolivia (Plurinational State Of)"
"136","DALYs (Disability-Adjusted Life Years)","Guam","Both","All ages","Neoplasms","Number",2023,5532.53118413155,5901.08897494416,5177.14628545364,"Guam"
"137","DALYs (Disability-Adjusted Life Years)","Kyrgyzstan","Both","All ages","Neoplasms","Number",2023,124947.823341073,131217.01675486,118443.152407142,"Kyrgyzstan"
"138","DALYs (Disability-Adjusted Life Years)","Paraguay","Both","All ages","Neoplasms","Number",2023,196670.598793515,211014.477821028,177088.344294379,"Paraguay"
"139","DALYs (Disability-Adjusted Life Years)","Palestine","Both","All ages","Neoplasms","Number",2023,85955.6184455048,92329.7400098522,78731.142047809,"Palestine"
"140","DALYs (Disability-Adjusted Life Years)","Gambia","Both","All ages","Neoplasms","Number",2023,30813.3927889491,38447.0690730463,24518.4612499357,"Gambia"
"141","DALYs (Disability-Adjusted Life Years)","Denmark","Both","All ages","Neoplasms","Number",2023,387554.831747802,404371.733374334,363967.194084738,"Denmark"
"142","DALYs (Disability-Adjusted Life Years)","Romania","Both","All ages","Neoplasms","Number",2023,1241673.67664823,1283918.69127648,1201399.53927487,"Romania"
"143","DALYs (Disability-Adjusted Life Years)","Portugal","Both","All ages","Neoplasms","Number",2023,681304.192762313,711583.598942259,628493.293388186,"Portugal"
"144","DALYs (Disability-Adjusted Life Years)","United States Virgin Islands","Both","All ages","Neoplasms","Number",2023,4748.34439328374,5165.59786534541,4304.78504771196,"United States Virgin Islands"
"145","DALYs (Disability-Adjusted Life Years)","Papua New Guinea","Both","All ages","Neoplasms","Number",2023,236399.474153404,278299.741941683,199184.505823435,"Papua New Guinea"
"146","DALYs (Disability-Adjusted Life Years)","Botswana","Both","All ages","Neoplasms","Number",2023,55937.4438532221,67844.7690552528,44934.87219759,"Botswana"
"147","DALYs (Disability-Adjusted Life Years)","Peru","Both","All ages","Neoplasms","Number",2023,1222613.29789099,1306182.13768414,1130113.03534374,"Peru"
"148","DALYs (Disability-Adjusted Life Years)","Ethiopia","Both","All ages","Neoplasms","Number",2023,4403176.98932194,5005673.8981425,3912389.72683465,"Ethiopia"
"149","DALYs (Disability-Adjusted Life Years)","Tajikistan","Both","All ages","Neoplasms","Number",2023,190565.3442154,224017.180206312,166460.837858329,"Tajikistan"
"150","DALYs (Disability-Adjusted Life Years)","Guinea","Both","All ages","Neoplasms","Number",2023,280865.6717564,333392.911680917,235919.327384041,"Guinea"
"151","DALYs (Disability-Adjusted Life Years)","Dominica","Both","All ages","Neoplasms","Number",2023,3596.43771510655,3905.82911824375,3300.62547267384,"Dominica"
"152","DALYs (Disability-Adjusted Life Years)","Slovakia","Both","All ages","Neoplasms","Number",2023,345177.175032664,364956.023388506,327905.786088054,"Slovakia"
"153","DALYs (Disability-Adjusted Life Years)","Namibia","Both","All ages","Neoplasms","Number",2023,74486.8503761932,85558.0042683434,59477.5075343757,"Namibia"
"154","DALYs (Disability-Adjusted Life Years)","Uzbekistan","Both","All ages","Neoplasms","Number",2023,676270.945145849,704770.613124007,649833.541560984,"Uzbekistan"
"155","DALYs (Disability-Adjusted Life Years)","Mongolia","Both","All ages","Neoplasms","Number",2023,149933.811830093,164759.904076109,137386.824049382,"Mongolia"
"156","DALYs (Disability-Adjusted Life Years)","Samoa","Both","All ages","Neoplasms","Number",2023,3819.62945669967,4630.34802340687,3057.6082165159,"Samoa"
"157","DALYs (Disability-Adjusted Life Years)","Russian Federation","Both","All ages","Neoplasms","Number",2023,7730085.86857626,7981986.56765963,7430035.23475378,"Russian Federation"
"158","DALYs (Disability-Adjusted Life Years)","Taiwan","Both","All ages","Neoplasms","Number",2023,1484258.46295659,1541768.21331572,1408653.730808,"Taiwan"
"159","DALYs (Disability-Adjusted Life Years)","Cuba","Both","All ages","Neoplasms","Number",2023,642371.694433035,695680.152298128,589320.917379445,"Cuba"
"160","DALYs (Disability-Adjusted Life Years)","Turkmenistan","Both","All ages","Neoplasms","Number",2023,134418.497784133,146400.90421972,124153.497542783,"Turkmenistan"
"161","DALYs (Disability-Adjusted Life Years)","Poland","Both","All ages","Neoplasms","Number",2023,2576704.20184978,2654786.89112297,2461710.6810696,"Poland"
"162","DALYs (Disability-Adjusted Life Years)","Venezuela (Bolivarian Republic of)","Both","All ages","Neoplasms","Number",2023,1059561.90539476,1141851.80559412,979914.034534074,"Venezuela (Bolivarian Republic Of)"
"163","DALYs (Disability-Adjusted Life Years)","Kenya","Both","All ages","Neoplasms","Number",2023,1298555.0480562,1513364.04842391,1125794.22153406,"Kenya"
"164","DALYs (Disability-Adjusted Life Years)","Côte d'Ivoire","Both","All ages","Neoplasms","Number",2023,697610.552767841,825840.724469471,579525.572450513,"Côte D'ivoire"
"165","DALYs (Disability-Adjusted Life Years)","Lebanon","Both","All ages","Neoplasms","Number",2023,192811.814440354,211846.956509735,174890.016342937,"Lebanon"
"166","DALYs (Disability-Adjusted Life Years)","Cyprus","Both","All ages","Neoplasms","Number",2023,56186.6482629075,61949.8814490993,50494.276797469,"Cyprus"
"167","DALYs (Disability-Adjusted Life Years)","Lesotho","Both","All ages","Neoplasms","Number",2023,49877.8940699084,62980.0837811189,39269.4282173862,"Lesotho"
"168","DALYs (Disability-Adjusted Life Years)","Ecuador","Both","All ages","Neoplasms","Number",2023,464305.057706889,481049.261649745,447521.299939584,"Ecuador"
"169","DALYs (Disability-Adjusted Life Years)","Bermuda","Both","All ages","Neoplasms","Number",2023,4156.35346794033,4391.6895433839,3869.05870204155,"Bermuda"
"170","DALYs (Disability-Adjusted Life Years)","Togo","Both","All ages","Neoplasms","Number",2023,169396.563601273,201347.34877392,139229.113682645,"Togo"
"171","DALYs (Disability-Adjusted Life Years)","Norway","Both","All ages","Neoplasms","Number",2023,259333.975627114,272643.904004832,241060.019364205,"Norway"
"172","DALYs (Disability-Adjusted Life Years)","Brazil","Both","All ages","Neoplasms","Number",2023,7541785.19887468,7761104.96164758,7206377.0711203,"Brazil"
"173","DALYs (Disability-Adjusted Life Years)","Bangladesh","Both","All ages","Neoplasms","Number",2023,5215484.03252925,6007885.61604178,4379102.21026201,"Bangladesh"
"174","DALYs (Disability-Adjusted Life Years)","Serbia","Both","All ages","Neoplasms","Number",2023,646693.690034278,699802.612397273,596774.549964388,"Serbia"
"175","DALYs (Disability-Adjusted Life Years)","North Macedonia","Both","All ages","Neoplasms","Number",2023,112261.955645325,119825.477427459,103250.095658939,"North Macedonia"
"176","DALYs (Disability-Adjusted Life Years)","Brunei Darussalam","Both","All ages","Neoplasms","Number",2023,16336.2453341764,17655.2907497862,14816.7586893874,"Brunei Darussalam"
"177","DALYs (Disability-Adjusted Life Years)","Cambodia","Both","All ages","Neoplasms","Number",2023,359859.148289683,406158.970052276,317802.403356511,"Cambodia"
"178","DALYs (Disability-Adjusted Life Years)","Antigua and Barbuda","Both","All ages","Neoplasms","Number",2023,3434.01022448055,3718.10545759101,3185.54171074866,"Antigua And Barbuda"
"179","DALYs (Disability-Adjusted Life Years)","Comoros","Both","All ages","Neoplasms","Number",2023,12012.0543403669,13422.0495960472,10442.9866110175,"Comoros"
"180","DALYs (Disability-Adjusted Life Years)","Ghana","Both","All ages","Neoplasms","Number",2023,646337.206469161,745487.497978368,564965.913777806,"Ghana"
"181","DALYs (Disability-Adjusted Life Years)","Kiribati","Both","All ages","Neoplasms","Number",2023,2462.4007801542,2911.47182967387,1988.47727720746,"Kiribati"
"182","DALYs (Disability-Adjusted Life Years)","Kazakhstan","Both","All ages","Neoplasms","Number",2023,507728.41581069,529889.586075495,482523.037989431,"Kazakhstan"
"183","DALYs (Disability-Adjusted Life Years)","Morocco","Both","All ages","Neoplasms","Number",2023,894981.826797055,1108618.93245497,742328.877568535,"Morocco"
"184","DALYs (Disability-Adjusted Life Years)","San Marino","Both","All ages","Neoplasms","Number",2023,1767.41905513672,1963.93771650229,1543.37455213503,"San Marino"
"185","DALYs (Disability-Adjusted Life Years)","Suriname","Both","All ages","Neoplasms","Number",2023,19882.0054360717,21383.5707900355,18189.8157631472,"Suriname"
"186","DALYs (Disability-Adjusted Life Years)","Spain","Both","All ages","Neoplasms","Number",2023,2635956.20245363,2753963.90542064,2455348.39450186,"Spain"
"187","DALYs (Disability-Adjusted Life Years)","Greenland","Both","All ages","Neoplasms","Number",2023,3898.62954315831,4255.93552522654,3590.29206466291,"Greenland"
"188","DALYs (Disability-Adjusted Life Years)","Finland","Both","All ages","Neoplasms","Number",2023,316799.630187185,333415.375885331,292075.538765411,"Finland"
"189","DALYs (Disability-Adjusted Life Years)","Uganda","Both","All ages","Neoplasms","Number",2023,1502613.43775968,1716299.07674907,1287981.06601747,"Uganda"
"190","DALYs (Disability-Adjusted Life Years)","India","Both","All ages","Neoplasms","Number",2023,31844158.7142189,35868974.3583124,28398668.2976035,"India"
"191","DALYs (Disability-Adjusted Life Years)","Cabo Verde","Both","All ages","Neoplasms","Number",2023,15332.1126827881,17742.8330774653,13249.1187068851,"Cabo Verde"
"192","DALYs (Disability-Adjusted Life Years)","Lao People's Democratic Republic","Both","All ages","Neoplasms","Number",2023,213478.602633515,240212.943397107,185133.10665661,"Lao People's Democratic Republic"
"193","DALYs (Disability-Adjusted Life Years)","Slovenia","Both","All ages","Neoplasms","Number",2023,132717.744616792,139159.767695737,124247.476978226,"Slovenia"
"194","DALYs (Disability-Adjusted Life Years)","Barbados","Both","All ages","Neoplasms","Number",2023,19511.0910379377,20673.1298770191,18390.924097194,"Barbados"
"195","DALYs (Disability-Adjusted Life Years)","Republic of Korea","Both","All ages","Neoplasms","Number",2023,2350518.55142684,2567406.55452878,2146823.08864263,"Republic Of Korea"
"196","DALYs (Disability-Adjusted Life Years)","Micronesia (Federated States of)","Both","All ages","Neoplasms","Number",2023,3108.67402936524,3459.64725966003,2784.89394079784,"Micronesia (Federated States Of)"
"197","DALYs (Disability-Adjusted Life Years)","Oman","Both","All ages","Neoplasms","Number",2023,52194.307901111,59977.3040104775,44274.8602802899,"Oman"
"198","DALYs (Disability-Adjusted Life Years)","Guinea-Bissau","Both","All ages","Neoplasms","Number",2023,41159.0958727949,48703.1308859164,33958.6278848953,"Guinea-Bissau"
"199","DALYs (Disability-Adjusted Life Years)","Germany","Both","All ages","Neoplasms","Number",2023,5709228.23802878,5968392.95146217,5327945.92482874,"Germany"
"200","DALYs (Disability-Adjusted Life Years)","Switzerland","Both","All ages","Neoplasms","Number",2023,395065.76602876,418045.61675187,361632.086841944,"Switzerland"
"201","DALYs (Disability-Adjusted Life Years)","Eritrea","Both","All ages","Neoplasms","Number",2023,258841.826641571,301343.712418271,225125.817235705,"Eritrea"
"202","DALYs (Disability-Adjusted Life Years)","Tuvalu","Both","All ages","Neoplasms","Number",2023,453.631533366914,530.032397113114,386.776445758427,"Tuvalu"
"203","DALYs (Disability-Adjusted Life Years)","Pakistan","Both","All ages","Neoplasms","Number",2023,6095070.64918818,6955070.19437053,5392245.05740059,"Pakistan"
"204","DALYs (Disability-Adjusted Life Years)","Saudi Arabia","Both","All ages","Neoplasms","Number",2023,426591.268863496,516645.747128113,376972.248885026,"Saudi Arabia"
