"","country_trial","n_trials","total_target","country_std"
"1","??",3,1120,"??"
"2","Afghanistan",1,600,"Afghanistan"
"3","Africa",1,60,"Africa"
"4","Albania",1,100,"Albania"
"5","Algeria",1,80,"Algeria"
"6","America",2,20,"America"
"7","Andorra",2,268,"Andorra"
"8","Arabia Saudi",1,20,"Arabia Saudi"
"9","Argentina",165,115158,"Argentina"
"10","Armenia",6,871,"Armenia"
"11","Asia(Except Japan)",1,50,"Asia(Except Japan)"
"12","Australia",841,333797,"Australia"
"13","Austria",204,120040,"Austria"
"14","Bangladesh",5,595,"Bangladesh"
"15","Belarus",11,8587,"Belarus"
"16","Belgium",477,211111,"Belgium"
"17","Bosnia & Herzegovina",1,46,"Bosnia & Herzegovina"
"18","Bosnia And Herzegovina",14,8539,"Bosnia And Herzegovina"
"19","Botswana",1,680,"Botswana"
"20","Brazil",416,158001,"Brazil"
"21","Bulgaria",73,37169,"Bulgaria"
"22","Cambodia",1,800,"Cambodia"
"23","Cameroon",6,15208,"Cameroon"
"24","Canada",771,357039,"Canada"
"25","Chian",5,11230,"Chian"
"26","Chile",140,75452,"Chile"
"27","China",7107,3623915,"China"
"28","Cinia",1,367,"Cinia"
"29","Colombia",55,40310,"Colombia"
"30","Costa Rica",16,11938,"Costa Rica"
"31","Croatia",20,23650,"Croatia"
"32","Cuba",4,154,"Cuba"
"33","Cyprus",13,2189,"Cyprus"
"34","Czechia",173,132513,"Czechia"
"35","Denmark",284,86176,"Denmark"
"36","Dominican Republic",1,1246,"Dominican Republic"
"37","Ecuador",2,1360,"Ecuador"
"38","Egypt",131,15190,"Egypt"
"39","Estonia",21,43562,"Estonia"
"40","Ethiopia",4,1753,"Ethiopia"
"41","Europe",1,122,"Europe"
"42","Finland",96,101344,"Finland"
"43","France",1077,617184,"France"
"44","French Polynesia",1,10000,"French Polynesia"
"45","Gambia",1,1720,"Gambia"
"46","Georgia",56,31489,"Georgia"
"47","Germany",738,423424,"Germany"
"48","Ghana",1,1320,"Ghana"
"49","Greece",174,92831,"Greece"
"50","Guadeloupe",2,3346,"Guadeloupe"
"51","Guam",4,2765,"Guam"
"52","Guatemala",16,13688,"Guatemala"
"53","Hellenic Republic",1,430,"Hellenic Republic"
"54","Hina",1,51,"Hina"
"55","Hong Kong",157,95668,"Hong Kong"
"56","Hungary",185,115515,"Hungary"
"57","Iceland",8,2808,"Iceland"
"58","India",399,135246,"India"
"59","Indonesia",10,8703,"Indonesia"
"60","Iran",487,37674,"Iran"
"61","Iran, Islamic Republic Of",3,388,"Iran, Islamic Republic Of"
"62","Iraq",7,1006,"Iraq"
"63","Ireland",118,84091,"Ireland"
"64","Israel",263,116704,"Israel"
"65","Italy",840,475934,"Italy"
"66","Japan",782,293960,"Japan"
"67","Japan,Asia(Except Japan)",1,30,"Japan,Asia(Except Japan)"
"68","Japan,Europe",2,220786,"Japan,Europe"
"69","Japan,North America",1,120,"Japan,North America"
"70","Japan,North America,Europe",1,60000,"Japan,North America,Europe"
"71","Japan,North America,South America,Australia,Europe,Africa",1,300,"Japan,North America,South America,Australia,Europe,Africa"
"72","Jordan",7,946,"Jordan"
"73","Kazakhstan",2,198,"Kazakhstan"
"74","Kenya",21,36126,"Kenya"
"75","Korea",9,3405,"Korea"
"76","Korea Republic Of",1,27,"Korea Republic Of"
"77","Korea South",12,372,"Korea South"
"78","Korea, Democratic People's Republic Of",10,4789,"Korea, Democratic People's Republic Of"
"79","Korea, Republic Of",596,333817,"Korea, Republic Of"
"80","Korea, South",2,214,"Korea, South"
"81","Koria",1,24,"Koria"
"82","Latvia",14,9916,"Latvia"
"83","Lebano",1,15,"Lebano"
"84","Lebanon",7,2815,"Lebanon"
"85","Lithuania",36,12906,"Lithuania"
"86","Luxembourg",2,182,"Luxembourg"
"87","Macedonia",2,1254,"Macedonia"
"88","Malasya",3,70,"Malasya"
"89","Malaysia",87,50130,"Malaysia"
"90","Martinique",1,465,"Martinique"
"91","Mauritius",1,10,"Mauritius"
"92","Mexico",157,102200,"Mexico"
"93","Moldova",12,2758,"Moldova"
"94","Moldova, Republic Of",5,1108,"Moldova, Republic Of"
"95","Monaco",1,333,"Monaco"
"96","Mongolia",1,20,"Mongolia"
"97","Mozambique",2,5522,"Mozambique"
"98","N/A",2,4094,"N/A"
"99","Nederland",1,1,"Nederland"
"100","Nepal",1,102,"Nepal"
"101","Netherland",1,270,"Netherland"
"102","Netherlands",782,280539,"Netherlands"
"103","New Caledonia",1,10000,"New Caledonia"
"104","New Zealand",105,48849,"New Zealand"
"105","Nigeria",15,8647,"Nigeria"
"106","Nore",1,60,"Nore"
"107","North Macedonia",3,5235,"North Macedonia"
"108","Norway",133,203020,"Norway"
"109","Not Stated",1,32,"Not Stated"
"110","Oman",1,15,"Oman"
"111","Other",1,1050,"Other"
"112","Pakistan",5,494,"Pakistan"
"113","Palestinian Territory, Occupied",1,60,"Palestinian Territory, Occupied"
"114","Panama",7,3264,"Panama"
"115","Paraguay",1,0,"Paraguay"
"116","Peru",65,54227,"Peru"
"117","Philippines",41,33694,"Philippines"
"118","Poland",379,189498,"Poland"
"119","Portugal",145,106587,"Portugal"
"120","Portuguese Republic",1,430,"Portuguese Republic"
"121","Puerto Rico",89,57257,"Puerto Rico"
"122","Randomized, Parallel Group Trial<Br>  Method Of Generating Randomization Sequence:Computer Generated Randomization  Method Of Allocation Concealment:An Open List Of Random Numbers  Blinding And Masking:Open Label",1,0,"Randomized, Parallel Group Trial<Br>  Method Of Generating Randomization Sequence:Computer Generated Randomization  Method Of Allocation Concealment:An Open List Of Random Numbers  Blinding And Masking:Open Label"
"123","Randomized, Parallel Group, Active Controlled Trial<Br>  Method Of Generating Randomization Sequence:Coin Toss, Lottery, Toss Of Dice, Shuffling Cards Etc  Method Of Allocation Concealment:Sequentially Numbered, Sealed, Opaque Envelopes  Blinding And Masking:Participant And Investigator Blinded",1,0,"Randomized, Parallel Group, Active Controlled Trial<Br>  Method Of Generating Randomization Sequence:Coin Toss, Lottery, Toss Of Dice, Shuffling Cards Etc  Method Of Allocation Concealment:Sequentially Numbered, Sealed, Opaque Envelopes  Blinding And Masking:Participant And Investigator Blinded"
"124","Refer To 7-5",2,196,"Refer To 7-5"
"125","Republic Of Korea",20,15654,"Republic Of Korea"
"126","Republic Of Serbia",1,430,"Republic Of Serbia"
"127","Reunion",1,310,"Reunion"
"128","Romania",135,83335,"Romania"
"129","Russia",15,2739,"Russia"
"130","Russian Federation",150,79885,"Russian Federation"
"131","S Korea",1,40,"S Korea"
"132","Saudi Arabia",17,9944,"Saudi Arabia"
"133","Senegal",2,1101,"Senegal"
"134","Serbia",37,21385,"Serbia"
"135","Shanghai",1,166,"Shanghai"
"136","Singapore",172,103195,"Singapore"
"137","Single Arm Study<Br>  Method Of Generating Randomization Sequence:Not Applicable  Method Of Allocation Concealment:Not Applicable  Blinding And Masking:Not Applicable",1,0,"Single Arm Study<Br>  Method Of Generating Randomization Sequence:Not Applicable  Method Of Allocation Concealment:Not Applicable  Blinding And Masking:Not Applicable"
"138","Slovakia",53,33469,"Slovakia"
"139","Slovenia",20,15073,"Slovenia"
"140","South Africa",56,38713,"South Africa"
"141","South Korea",199,59962,"South Korea"
"142","Spain",977,362552,"Spain"
"143","Sri Lanka",1,225,"Sri Lanka"
"144","State Of Israel",1,430,"State Of Israel"
"145","Sweden",262,463572,"Sweden"
"146","Switzerland",222,98490,"Switzerland"
"147","Syria",2,54,"Syria"
"148","Taiwan",478,233150,"Taiwan"
"149","Tanzania",3,3690,"Tanzania"
"150","Thailand",171,67919,"Thailand"
"151","The Netherlands",2,546,"The Netherlands"
"152","The People's Republic Of China",1,60,"The People's Republic Of China"
"153","The United Kingdom.",1,40,"The United Kingdom."
"154","Tunisia",5,1601,"Tunisia"
"155","Turkey",261,119825,"Turkey"
"156","Turkiye",1,93,"Turkiye"
"157","Uganda",6,6084,"Uganda"
"158","Ukraine",73,38003,"Ukraine"
"159","United Arab Emirates",3,700,"United Arab Emirates"
"160","United Kindgdom",9,237,"United Kindgdom"
"161","United Kingdom",860,1091817,"United Kingdom"
"162","United Republic Of Tanzania",2,546,"United Republic Of Tanzania"
"163","United State",1,1000,"United State"
"164","United States",4323,2135898,"United States"
"165","Uruguay",4,6276,"Uruguay"
"166","Uzbekistan",3,160,"Uzbekistan"
"167","Viet Nam",15,11127,"Viet Nam"
"168","Vietnam",32,20329,"Vietnam"
"169","Zambia",1,4100,"Zambia"
"170","Zimbabwe",5,4130,"Zimbabwe"
